14,63,0,0
14,63,0,0
14,62,0,0
14,62,0,0
15,62,0,0
14,62,0,0
14,61,0,0
14,69,0,0
14,68,0,0
14,68,0,0
14,67,0,0
14,67,0,0
14,67,0,1
14,67,0,0
13,66,0,0
13,66,0,0
14,66,0,0
13,65,0,0
13,65,0,0
13,64,0,0
13,64,0,0
13,64,0,0
13,67,0,0
13,67,0,0
13,66,0,0
13,67,0,0
13,66,0,0
13,66,0,0
13,65,0,0
13,65,0,0
13,65,0,0
13,64,0,0
13,64,0,0
13,63,0,0
13,63,0,0
13,63,0,0
13,66,0,0
12,68,0,1
12,67,0,0
13,67,0,0
12,67,0,0
13,66,0,0
13,66,0,0
12,66,0,0
12,66,0,0
12,65,0,0
12,65,0,0
12,65,0,0
12,64,0,0
12,64,0,0
12,63,0,0
12,76,0,0
12,76,0,0
12,76,0,0
12,75,0,0
12,75,0,0
12,74,0,0
12,74,0,0
12,73,0,0
12,73,0,0
11,73,0,0
11,71,0,0
11,71,0,0
11,71,0,0
11,71,0,0
11,71,0,0
11,71,0,0
12,71,0,0
12,71,0,0
12,71,0,0
12,71,0,0
12,71,0,0
12,71,0,0
12,70,0,0
12,70,0,0
11,70,0,0
11,69,0,0
12,69,0,0
11,69,0,0
11,68,0,0
11,68,0,0
11,70,0,0
11,69,0,0
11,69,0,0
11,68,0,0
11,68,0,0
11,67,0,0
11,67,0,0
11,67,0,0
11,67,0,0
11,67,0,0
11,67,0,0
11,66,0,0
10,66,0,0
10,66,0,0
11,71,0,0
10,71,0,0
12,71,0,0
12,70,0,0
12,70,0,1
12,70,0,0
12,69,0,0
12,70,0,0
12,69,0,0
11,68,0,0
12,68,0,0
11,67,0,0
11,67,0,0
11,67,0,0
11,67,0,0
11,73,0,0
12,73,0,0
12,71,0,0
12,73,0,0
12,71,0,0
12,71,0,0
12,71,0,0
12,71,0,0
12,71,0,0
12,71,0,0
12,70,0,0
12,70,0,0
12,69,0,0
12,69,0,0
12,69,0,1
11,70,0,0
13,70,0,0
13,69,0,0
13,69,0,0
13,69,0,0
13,68,0,0
13,68,0,0
12,68,0,0
12,67,0,0
12,67,0,0
12,67,0,0
12,66,0,0
12,66,0,0
12,66,0,0
12,70,0,0
12,73,0,0
12,73,0,19
12,73,0,83
12,71,0,174
12,71,0,263
12,71,0,351
12,71,0,347
12,71,0,344
11,70,0,342
11,70,0,339
11,70,0,337
11,69,0,335
11,69,0,334
11,70,0,331
12,70,0,330
12,69,0,329
12,69,0,327
12,68,0,327
12,68,0,325
12,68,0,323
12,67,0,321
11,67,0,319
12,67,0,319
11,67,0,421
11,66,0,533
11,66,0,662
11,74,0,736
11,73,0,728
12,73,0,719
11,71,0,714
12,71,13,706
12,71,13,700
12,71,13,696
12,71,12,690
12,71,12,683
11,70,12,678
11,70,12,673
11,70,12,668
11,75,12,664
11,79,12,676
12,78,12,671
12,78,12,666
12,77,11,661
12,77,11,655
12,76,29,650
12,76,29,646
12,76,29,641
11,75,28,635
11,75,28,631
11,74,28,627
11,75,28,622
11,78,28,617
14,77,41,613
15,77,51,609
15,77,50,605
15,76,50,600
15,76,49,596
15,75,49,591
15,75,49,588
14,75,49,583
14,74,48,579
15,74,48,575
15,73,48,574
14,77,48,569
14,77,48,566
15,76,47,562
15,76,47,652
15,76,47,771
15,75,46,807
15,75,47,799
15,75,46,793
15,74,46,783
15,74,46,777
14,73,46,770
15,73,45,764
15,73,45,755
14,75,45,749
18,75,44,743
18,74,44,737
18,74,44,729
18,73,46,724
18,73,74,719
18,71,74,766
17,71,74,897
18,71,73,906
17,71,72,910
18,71,71,911
17,71,71,904
18,71,71,889
23,71,71,880
23,71,71,871
23,70,71,861
22,70,70,853
22,69,70,845
22,68,69,838
22,68,69,828
21,68,68,821
21,67,69,814
22,67,112,807
21,67,112,799
21,67,110,792
22,67,110,783
22,67,109,777
23,66,108,769
22,66,108,762
22,65,107,756
22,65,106,749
22,65,106,743
22,65,105,736
21,64,105,730
22,63,103,725
21,63,103,717
21,63,103,711
22,63,103,705
21,63,102,700
21,62,102,694
21,62,103,689
21,62,103,684
21,61,102,678
20,61,102,673
20,61,101,667
20,61,100,663
20,60,100,658
19,60,100,653
20,63,99,647
20,63,99,643
20,62,98,638
20,62,98,634
20,61,97,630
20,61,97,626
19,61,96,621
19,61,96,617
19,61,95,613
19,60,96,609
19,60,115,604
19,60,135,690
19,66,161,829
19,65,159,820
21,65,158,812
20,64,157,803
21,64,156,796
19,63,156,787
20,63,155,780
20,63,153,771
20,63,153,765
19,62,152,759
19,61,152,750
19,62,151,745
19,69,150,737
19,68,149,731
22,68,148,726
21,67,147,719
21,67,147,713
21,67,146,705
21,67,145,700
21,66,144,694
20,66,143,688
19,65,143,684
20,65,142,677
19,65,141,672
20,65,141,667
23,65,140,662
22,65,140,657
22,63,139,652
22,63,138,647
22,63,137,641
22,63,137,636
22,63,135,631
21,62,135,627
21,62,135,623
21,62,134,617
21,63,134,614
21,64,132,608
22,64,132,604
22,63,131,600
22,63,131,595
21,63,130,591
21,63,129,587
21,62,129,583
21,62,128,579
21,62,127,575
21,61,127,572
20,61,126,568
20,67,126,564
21,67,125,560
21,67,124,557
21,66,124,553
21,66,123,549
20,66,123,546
20,65,122,542
20,65,121,539
20,64,121,536
20,64,120,531
20,63,120,529
19,63,120,525
19,63,119,522
19,63,118,519
19,63,118,515
20,62,117,513
19,62,116,509
19,62,116,506
19,61,115,503
19,61,115,499
19,61,114,496
19,60,114,559
19,60,113,554
18,60,113,549
19,60,112,545
24,60,112,573
23,59,112,613
23,59,111,632
23,58,110,839
22,58,110,866
22,58,109,855
22,57,109,846
22,57,108,835
22,57,108,828
21,56,107,821
21,56,107,812
23,56,106,804
24,56,118,796
24,56,173,789
24,55,172,782
24,55,173,774
24,54,198,768
24,54,197,760
24,54,195,753
24,53,194,745
24,53,193,739
23,53,192,734
23,52,191,727
24,52,190,721
29,51,189,714
28,51,188,709
28,51,187,704
28,51,186,697
28,51,185,691
28,51,184,685
27,50,183,679
28,50,197,674
28,50,203,669
27,50,233,665
27,49,253,659
33,49,251,655
32,48,249,649
32,48,248,644
32,48,247,639
31,48,245,634
31,48,243,630
31,48,243,624
31,47,241,620
31,47,240,615
31,46,239,611
31,47,237,608
31,47,236,603
33,46,234,599
33,46,233,594
32,46,231,590
32,46,231,586
31,45,230,582
31,45,229,578
31,45,227,573
31,45,226,570
31,44,225,566
31,44,224,562
31,44,223,559
31,44,222,555
33,44,221,551
31,44,220,547
32,44,219,543
32,44,217,541
31,43,217,537
31,43,216,534
31,43,214,530
31,42,213,537
31,42,212,532
31,42,211,528
31,43,210,526
33,42,209,521
33,42,207,519
33,41,207,515
32,41,206,512
32,41,205,509
32,41,204,505
31,41,203,503
31,41,203,499
31,39,201,496
31,39,199,493
31,39,199,490
31,40,199,487
39,39,198,484
39,39,196,481
39,39,195,479
39,39,195,476
38,39,193,473
39,39,193,471
38,39,192,468
38,39,191,465
37,39,190,463
37,54,189,460
37,127,188,457
39,139,188,455
39,138,187,452
39,137,185,449
39,135,185,446
39,135,184,444
39,134,183,441
39,133,182,440
39,132,181,436
39,131,180,434
39,131,179,432
38,130,178,429
38,129,177,427
42,129,177,423
42,127,176,422
41,127,175,419
41,126,174,417
41,126,173,415
41,125,172,412
39,124,172,411
39,123,171,408
39,123,169,406
39,122,169,403
39,121,167,401
43,121,167,399
43,120,167,397
43,120,166,395
42,119,165,393
42,118,164,390
42,118,163,389
41,116,163,386
41,116,162,385
41,115,161,382
41,115,161,380
39,114,159,379
53,113,159,376
52,113,158,430
51,112,158,504
51,112,157,514
51,111,156,509
51,110,156,504
50,110,155,501
50,109,154,497
50,109,153,494
49,108,152,489
49,108,152,574
52,107,152,587
52,106,151,581
51,106,150,577
51,105,149,572
51,105,148,567
50,103,147,563
51,103,147,558
50,103,147,555
50,102,146,617
49,102,162,769
49,101,234,861
61,101,231,849
60,100,230,841
60,99,229,831
60,99,262,824
60,99,357,814
59,98,459,807
59,98,537,799
58,97,532,791
58,97,527,783
57,96,524,775
57,96,519,769
57,96,516,763
63,94,513,755
63,95,508,749
62,94,505,741
62,93,501,735
62,93,499,728
61,93,495,723
61,92,492,717
60,92,489,710
60,91,485,705
60,91,482,697
59,90,479,693
59,90,476,688
60,89,473,681
60,89,471,677
59,88,467,671
59,88,464,665
59,88,462,659
58,87,460,655
58,87,455,651
57,86,454,645
57,86,451,639
56,86,448,635
56,85,445,631
57,84,443,627
58,84,441,622
57,83,504,617
57,83,500,612
57,83,496,608
57,82,494,604
56,82,491,600
56,82,487,596
56,150,483,591
56,177,480,587
55,249,477,583
59,280,473,578
69,278,471,575
69,275,467,570
68,273,464,567
67,271,461,562
67,270,458,558
67,268,455,555
67,266,452,551
66,265,449,547
65,263,446,543
65,262,444,553
64,260,441,550
71,259,439,545
75,257,435,542
74,255,433,537
73,254,431,534
73,252,428,530
73,251,425,526
71,249,423,524
71,248,421,519
71,247,418,516
71,245,415,513
71,243,413,509
71,242,411,506
71,241,409,502
70,240,406,499
70,238,403,496
70,237,401,492
69,236,399,489
69,234,397,487
68,233,395,483
67,231,393,481
67,231,390,540
67,229,387,641
67,227,386,633
67,227,384,629
66,225,382,622
66,224,379,618
65,223,377,612
65,222,376,607
65,221,373,603
64,219,371,597
63,218,369,593
63,217,367,588
63,216,365,583
63,215,363,579
63,214,361,574
62,212,359,570
62,211,358,565
62,210,355,561
61,209,353,557
61,207,352,553
60,207,350,549
60,206,349,545
60,205,347,542
60,204,345,537
59,203,344,533
59,201,341,530
58,201,339,526
58,199,337,523
58,199,335,519
58,198,334,514
57,196,332,511
57,195,331,507
56,195,329,504
56,194,327,500
56,193,326,496
56,192,323,494
56,190,323,491
55,189,321,487
55,188,319,483
54,188,318,481
54,187,316,478
54,185,315,475
53,185,312,472
53,184,312,469
53,183,310,467
53,182,308,463
53,181,307,460
64,180,305,458
64,179,304,455
63,178,302,453
63,177,301,449
63,177,299,447
62,176,297,444
62,174,295,441
62,174,295,440
61,173,294,437
61,172,291,435
60,172,291,432
60,170,289,429
60,170,287,427
60,167,287,423
60,167,285,423
59,167,284,419
59,166,282,417
59,166,281,415
59,165,280,412
58,164,278,411
58,163,277,408
57,162,275,405
57,162,274,403
60,161,273,401
60,161,271,399
59,159,271,397
59,159,269,395
59,158,268,391
59,157,267,390
57,156,265,388
57,156,263,386
57,155,263,384
57,154,262,382
57,153,260,380
57,153,259,377
56,152,258,376
56,152,256,374
56,150,255,371
56,150,254,370
55,149,253,368
55,147,252,366
54,147,251,364
54,146,249,362
54,146,248,359
53,145,247,359
53,144,246,356
52,143,245,355
52,143,243,353
53,143,243,352
52,142,242,350
51,141,241,348
51,140,239,346
51,140,238,344
51,139,237,343
51,139,236,341
50,138,235,339
50,137,233,337
50,135,233,335
49,135,231,334
49,135,231,333
49,135,230,331
49,134,229,329
48,133,227,327
48,132,227,326
48,131,226,324
48,131,225,323
47,130,224,321
47,130,223,319
46,129,222,318
46,128,220,317
46,127,220,316
46,127,219,313
46,127,218,312
46,126,216,311
45,125,216,309
45,125,215,307
45,124,214,306
44,124,213,305
44,123,211,303
44,123,211,302
44,122,210,300
44,121,209,299
44,121,208,297
43,120,207,295
43,120,207,295
43,119,206,294
43,119,204,292
42,118,204,291
43,117,203,289
42,117,202,287
43,116,201,287
42,115,199,285
42,115,199,284
41,115,199,283
41,114,198,281
41,114,196,280
41,113,195,279
40,112,195,278
39,112,194,276
39,112,193,275
39,111,192,274
42,110,192,271
41,110,191,271
41,109,190,270
41,109,189,269
41,108,188,268
41,108,187,267
39,107,186,265
39,107,186,263
39,106,185,263
39,105,184,262
39,105,184,260
41,105,183,259
41,103,182,258
41,103,181,257
41,103,180,255
39,103,179,255
39,102,179,253
39,102,178,252
39,101,177,251
39,101,176,249
39,100,176,249
39,99,175,248
42,99,174,247
43,99,174,246
42,99,173,245
42,98,172,244
42,98,171,243
41,97,171,242
41,97,170,241
41,96,169,240
41,96,167,239
40,96,167,238
39,95,167,237
39,95,167,236
44,94,166,235
45,94,165,233
44,93,165,233
44,93,163,231
44,93,163,231
44,92,162,230
43,92,162,229
43,91,161,228
43,91,160,227
43,90,159,226
43,90,159,225
42,89,159,224
43,89,158,224
43,89,157,223
42,88,157,222
42,88,156,221
41,88,156,220
41,88,155,219
41,87,155,218
41,87,153,217
41,86,153,217
40,86,153,216
39,85,152,215
39,85,152,214
39,84,150,213
41,84,150,211
39,84,150,211
39,83,149,211
39,83,148,209
39,82,147,209
39,82,147,207
39,82,146,207
39,81,146,206
39,81,145,205
38,80,145,205
39,80,144,204
39,79,143,203
39,79,143,202
39,79,143,201
39,79,142,200
39,79,141,199
38,78,140,199
38,78,140,198
38,77,140,197
38,77,139,197
37,77,139,195
37,77,138,195
37,76,137,194
38,76,137,193
38,76,135,192
37,75,135,192
37,75,135,191
36,75,134,190
36,74,134,190
36,73,134,189
36,73,133,188
35,73,132,187
35,73,131,186
35,71,131,186
38,71,131,185
38,71,130,184
38,71,130,184
38,71,129,183
38,71,129,182
37,70,128,182
37,70,127,181
37,70,127,179
36,69,126,179
36,69,126,179
36,69,126,177
36,68,125,177
38,68,125,176
38,68,124,176
38,67,124,175
37,67,123,174
37,67,123,174
37,67,122,173
37,66,121,172
36,66,121,172
36,66,120,171
36,65,120,170
35,65,120,169
35,65,119,169
35,64,119,167
35,63,118,167
35,63,118,167
35,63,117,167
34,63,117,166
34,63,116,165
35,63,115,164
34,62,115,164
34,62,115,163
34,62,115,162
33,62,114,162
34,61,113,161
34,61,113,161
34,61,113,159
33,60,112,159
33,60,112,159
33,60,111,158
33,59,111,157
33,60,111,157
33,59,110,156
33,59,109,156
32,59,109,155
32,58,109,155
32,57,108,154
32,57,108,153
32,57,107,153
31,57,107,152
31,56,107,152
31,57,106,152
31,56,105,150
31,56,105,150
31,56,105,149
31,56,103,149
31,56,103,148
30,56,103,148
30,55,103,147
30,54,103,147
30,54,102,146
30,54,102,146
30,54,102,145
30,53,101,145
29,53,101,143
29,53,101,143
29,53,99,142
29,52,99,142
29,52,99,142
29,52,99,141
29,51,98,141
29,51,98,140
28,51,98,140
28,51,97,139
28,51,97,139
28,50,97,138
28,50,96,137
28,50,96,137
28,50,96,137
27,49,96,135
27,49,95,135
27,49,95,135
27,49,95,135
27,49,94,134
27,48,93,134
27,48,93,133
26,48,93,133
26,48,92,132
27,48,92,132
26,47,92,131
26,47,92,131
25,47,91,130
25,47,90,130
25,46,90,130
25,46,90,129
29,46,89,128
29,46,89,127
29,46,89,127
28,46,89,127
29,45,88,127
28,45,88,126
28,45,88,126
28,45,88,125
28,44,87,125
28,44,86,124
28,44,86,124
27,44,86,123
27,44,86,123
27,44,85,123
27,44,85,122
27,43,85,121
26,43,84,121
27,43,84,121
26,42,83,120
26,42,83,120
26,42,83,120
26,42,83,119
26,41,82,119
25,41,82,118
25,41,82,118
25,41,81,118
25,41,81,117
25,41,81,117
25,41,80,116
25,40,80,115
25,39,79,115
25,39,79,114
25,39,79,114
24,39,79,114
24,39,79,113
24,39,78,113
24,39,78,113
25,39,78,112
25,39,78,112
24,39,77,112
24,38,77,111
24,38,77,111
24,38,76,110
24,38,76,110
24,38,76,110
24,37,76,109
24,38,75,109
23,37,75,108
23,37,75,108
24,37,74,108
24,36,74,108
23,37,74,107
23,37,73,106
23,36,73,106
23,36,73,105
22,36,73,105
23,36,71,105
23,35,71,103
22,35,71,103
22,35,71,103
22,35,71,103
22,35,71,103
23,35,71,103
23,35,71,102
22,35,70,102
22,34,70,102
22,34,69,101
22,34,70,101
22,34,69,100
21,34,69,100
21,34,69,99
21,33,68,99
21,33,68,99
21,35,68,99
21,38,67,98
21,38,67,98
21,38,67,98
21,38,67,97
21,37,67,97
21,37,67,97
20,37,66,96
21,37,66,96
20,36,66,96
20,37,65,96
20,36,65,95
20,36,65,95
19,36,65,94
20,37,64,94
20,37,64,93
20,36,64,93
20,36,63,93
20,35,63,93
20,35,63,93
19,35,63,92
19,35,63,92
19,35,63,92
19,35,62,91
19,35,62,91
19,35,62,91
19,35,62,90
19,41,61,90
19,41,61,89
19,39,61,90
19,39,60,89
19,39,61,89
19,39,61,89
19,39,60,88
19,39,60,88
18,39,60,88
18,39,60,88
18,38,59,87
19,38,59,87
18,40,59,86
18,49,59,86
19,49,58,86
18,49,58,85
18,49,58,85
18,48,58,85
18,48,57,84
17,48,57,84
18,48,57,84
17,47,57,83
17,47,57,83
17,47,56,83
17,46,56,83
17,46,56,83
17,47,56,82
17,47,56,82
17,47,56,82
17,46,56,81
17,46,55,81
17,46,55,81
17,45,55,81
17,45,55,80
16,45,54,79
17,44,54,79
16,45,54,79
16,44,53,79
16,44,53,79
19,46,53,78
19,45,53,79
19,45,53,78
19,45,52,78
19,44,52,78
19,45,53,78
18,44,52,77
18,44,52,77
19,44,51,77
18,44,51,76
18,43,51,76
18,43,51,76
18,45,51,76
20,60,51,75
22,59,50,75
21,59,50,75
21,58,50,75
21,57,50,74
21,57,50,74
21,57,50,74
20,57,49,73
21,56,49,73
20,56,49,73
20,56,48,73
20,56,48,71
20,68,48,71
21,78,48,71
21,77,48,71
20,77,48,71
21,77,48,71
20,76,48,71
20,76,47,71
19,75,47,71
20,75,47,70
20,74,47,70
19,75,46,70
19,74,47,70
19,73,46,70
19,73,46,69
19,85,46,69
21,84,46,69
21,83,46,68
21,83,45,68
20,83,45,67
21,82,45,67
21,82,45,67
20,81,45,67
20,81,45,67
20,80,44,67
19,79,44,66
19,79,44,67
19,81,44,66
22,89,44,66
23,89,43,66
23,88,43,65
23,88,43,65
22,87,43,65
23,87,43,65
22,86,43,64
22,86,43,64
22,85,43,63
22,85,42,63
22,84,42,63
21,84,42,63
21,83,42,63
22,106,41,63
25,105,41,62
25,103,41,62
25,103,41,62
25,103,61,62
25,103,65,62
24,102,64,62
24,102,63,129
24,101,63,143
24,101,63,167
24,99,62,213
24,99,62,210
23,103,62,208
25,102,61,207
25,101,61,206
24,101,61,205
24,100,60,204
24,99,60,202
24,99,60,201
24,99,60,199
24,98,59,199
24,98,59,198
24,97,59,197
23,96,58,196
24,99,58,195
28,99,57,194
27,99,57,193
27,99,57,193
27,98,57,192
27,98,56,191
27,97,56,190
26,97,56,189
26,96,56,188
26,96,56,187
26,95,56,186
25,95,55,185
25,96,54,185
28,112,54,184
27,111,54,183
27,110,54,182
27,110,53,181
27,109,53,180
27,108,53,179
27,108,53,178
26,107,52,177
26,107,52,177
26,106,51,176
25,106,51,175
26,114,51,195
27,123,51,193
26,123,51,192
26,121,50,192
26,121,50,190
25,120,50,190
25,120,49,188
25,120,49,187
25,119,49,186
25,118,49,185
25,117,49,184
24,116,48,184
25,119,48,183
25,121,48,182
25,120,48,180
24,120,47,179
24,119,47,179
24,118,47,178
24,117,47,177
24,117,46,176
24,115,46,175
24,115,46,174
24,115,46,174
24,114,45,172
24,122,45,172
24,121,45,171
24,121,45,170
24,120,44,170
23,120,44,169
22,119,44,167
22,118,44,167
22,118,44,166
22,117,44,165
22,116,43,165
22,115,43,164
22,115,43,163
22,121,42,162
22,121,43,161
22,120,42,161
22,119,41,160
21,119,42,159
21,118,41,159
21,117,41,158
21,117,41,157
21,116,41,156
20,115,40,156
20,115,40,155
20,120,41,155
20,121,39,153
20,121,39,153
19,120,39,152
19,120,39,152
19,119,39,151
19,118,39,150
19,118,39,149
19,117,39,149
19,116,38,148
19,115,39,147
19,115,39,147
19,115,38,146
19,115,38,145
19,114,38,144
18,114,38,144
18,113,37,143
18,113,37,143
18,112,37,142
18,111,37,142
18,111,37,141
17,110,37,140
17,110,37,140
18,109,36,139
17,109,36,139
17,109,36,138
17,108,35,137
17,107,35,137
17,107,35,135
17,106,35,135
16,106,35,135
17,105,35,134
16,105,35,134
16,103,35,133
16,103,35,132
16,103,35,131
16,112,34,131
15,111,34,131
16,110,34,130
15,109,34,129
15,109,34,129
15,108,33,128
15,108,33,127
15,107,33,127
15,106,33,127
15,106,33,126
15,105,33,125
15,106,32,125
15,106,32,124
14,106,32,124
14,105,31,123
14,103,31,123
14,103,31,122
14,103,31,121
14,103,31,121
14,102,31,120
14,101,31,120
14,101,31,120
14,101,31,119
14,100,30,119
14,99,30,118
14,99,30,117
13,99,30,117
13,98,31,117
13,98,30,116
13,97,30,115
13,97,29,115
13,97,30,115
13,96,30,114
13,96,29,113
13,95,29,113
13,95,29,113
13,95,29,112
13,94,29,112
12,94,29,111
13,93,28,111
12,93,29,111
12,92,29,110
12,92,29,109
12,92,28,109
12,91,28,108
12,91,28,108
12,90,28,108
12,89,28,108
12,94,28,107
12,93,28,106
12,93,27,106
12,92,27,105
11,92,28,105
11,91,27,105
11,91,27,103
11,90,27,103
11,90,27,103
11,89,27,103
11,89,26,103
11,89,26,102
11,91,26,102
11,92,26,101
11,91,26,101
11,90,26,100
11,90,25,100
11,90,25,99
11,89,25,99
11,89,25,99
11,88,25,99
10,88,25,98
10,88,25,98
11,88,25,97
10,87,24,97
10,88,24,97
12,88,25,96
12,88,25,96
12,87,25,96
12,86,24,95
11,86,24,95
11,86,24,94
11,85,24,94
11,85,24,94
11,84,24,93
11,84,24,93
11,84,24,93
11,83,24,92
11,85,23,92
12,84,23,92
11,84,23,91
11,83,23,91
11,83,23,90
11,83,23,90
11,82,22,90
11,82,23,89
11,81,22,89
11,81,22,89
11,81,23,89
10,80,22,88
11,79,22,88
10,82,22,88
11,82,22,87
11,82,22,87
11,81,22,86
11,81,21,86
11,81,21,86
11,80,21,86
11,79,21,85
11,79,21,85
11,79,21,84
11,79,21,84
10,78,21,83
11,78,21,83
11,78,21,83
12,78,21,83
12,78,21,82
12,77,20,82
12,77,20,82
12,76,20,82
11,76,20,81
11,76,20,81
11,76,20,81
11,75,19,79
11,75,19,79
11,75,19,79
11,74,19,79
11,75,19,79
13,75,19,79
13,74,19,78
14,75,19,78
13,74,19,78
13,73,19,77
13,73,19,77
13,72,19,77
13,71,19,76
13,71,18,77
12,71,18,76
12,71,18,76
13,71,18,76
12,71,18,75
13,71,18,75
13,71,18,75
13,70,18,74
13,70,18,74
13,70,18,74
12,69,18,73
12,69,18,73
12,69,17,73
12,68,17,73
12,68,17,71
12,67,18,71
12,67,17,71
12,67,17,71
12,67,17,71
13,67,17,71
13,67,17,71
13,66,17,71
13,66,17,70
13,66,16,70
13,66,17,70
12,65,16,69
13,65,16,69
12,65,17,69
13,65,16,69
12,64,16,68
12,64,16,68
13,66,16,68
14,66,16,67
15,66,16,67
14,65,15,67
14,65,16,67
14,64,15,67
14,64,15,66
14,63,15,66
14,63,15,66
14,63,15,66
14,63,15,65
14,63,15,65
13,65,15,65
15,70,15,65
15,70,15,64
15,69,15,64
15,69,15,64
15,68,14,63
15,68,14,63
15,67,15,63
15,67,14,63
15,67,15,63
15,67,14,63
15,66,14,62
14,66,14,62
15,66,14,62
15,70,14,62
15,70,14,62
14,69,14,61
15,69,14,61
15,69,14,61
15,68,14,61
15,68,14,60
15,67,14,60
14,67,13,60
14,67,13,60
14,67,13,59
14,66,13,59
14,66,13,59
14,71,13,59
14,70,13,59
14,69,13,59
14,69,13,58
14,69,13,58
14,68,13,57
13,68,13,57
14,67,13,57
13,67,13,57
14,67,12,57
13,66,13,56
13,66,12,56
13,66,12,56
13,69,13,56
14,69,13,56
14,68,12,56
14,68,12,56
14,67,12,55
13,67,12,56
13,67,12,55
13,67,12,55
13,66,12,54
13,66,12,55
13,66,12,54
13,65,12,54
12,65,12,54
14,74,12,54
14,73,12,53
14,73,11,53
14,71,11,53
14,71,12,53
14,71,11,52
13,71,11,52
13,71,11,52
13,71,11,52
13,70,11,51
13,70,11,51
13,69,11,51
13,69,11,51
13,76,11,51
14,75,11,51
14,75,11,50
14,75,11,50
14,74,11,50
14,74,11,50
14,73,11,50
14,73,10,50
14,72,10,49
14,71,10,49
14,71,10,49
13,71,10,49
14,71,10,49
13,82,10,48
14,82,10,49
14,81,10,49
14,81,10,48
14,81,10,48
13,80,9,48
13,79,10,48
13,79,10,47
13,79,9,47
13,79,9,47
13,78,9,47
13,78,9,47
12,77,9,46
13,78,9,46
13,79,9,47
13,79,9,46
13,79,9,46
13,79,9,46
13,78,9,46
13,78,9,46
12,77,9,45
13,77,9,45
12,77,9,45
12,76,9,45
12,76,9,45
12,76,9,45
12,76,9,44
12,79,9,44
14,80,9,44
14,79,9,44
13,79,8,44
14,79,8,44
14,79,8,43
14,78,8,44
14,78,7,43
13,78,8,43
13,77,7,43
13,77,7,43
13,77,7,43
13,76,7,43
13,76,7,43
13,77,7,42
13,77,7,42
14,77,7,42
13,76,7,42
14,76,7,41
14,76,7,41
14,75,7,41
13,75,7,41
13,74,7,41
13,74,7,41
13,73,7,41
13,73,7,40
13,73,7,40
13,73,7,39
13,75,7,39
13,75,7,39
13,74,7,39
13,74,7,39
13,74,7,39
13,73,7,39
13,73,7,39
13,71,7,39
12,71,7,39
12,71,7,39
12,71,7,39
12,71,7,39
12,71,7,39
12,71,7,39
13,71,7,38
13,71,7,38
13,71,7,38
13,71,7,38
13,71,7,38
13,71,7,38
12,71,6,37
12,70,7,38
12,70,7,37
12,69,6,37
12,69,7,37
12,68,7,37
12,68,6,37
12,71,6,36
12,73,7,36
13,73,6,36
13,72,6,36
12,71,6,36
12,71,6,36
12,71,6,35
13,71,6,35
12,71,6,35
12,70,6,35
12,70,6,35
12,70,6,35
12,70,6,35
12,69,6,35
12,70,6,35
14,71,6,34
14,71,6,34
14,71,6,34
14,70,6,34
14,70,5,34
13,70,6,34
14,69,5,34
13,69,5,34
13,69,6,33
13,68,5,33
13,68,5,33
13,67,5,33
13,67,6,33
13,71,5,33
17,73,5,33
17,71,5,32
16,71,5,32
16,71,5,32
16,71,5,32
16,71,5,32
16,71,5,32
15,71,5,31
15,70,5,31
15,70,5,31
15,69,5,31
15,69,5,31
15,68,5,31
15,74,5,31
16,73,5,31
16,73,4,31
16,73,5,31
15,72,5,30
15,71,5,31
15,71,5,31
15,71,4,31
15,71,4,30
15,70,4,30
15,70,5,30
15,70,4,30
15,69,4,30
15,70,5,30
15,78,4,30
15,77,4,30
15,76,4,30
15,76,4,29
15,76,4,29
15,75,4,29
15,75,4,29
15,75,4,29
15,74,4,29
15,74,4,29
15,73,4,28
15,73,3,28
14,73,4,28
15,73,4,28
15,75,4,28
16,74,3,28
16,73,3,28
16,73,4,28
16,73,3,28
16,71,3,28
16,71,3,28
15,71,3,27
15,71,4,28
15,71,3,27
15,71,3,27
15,71,3,27
15,70,3,27
15,71,3,27
15,71,4,27
15,71,3,26
15,71,3,27
15,71,3,26
15,71,3,26
15,70,3,26
15,70,3,26
15,70,3,26
15,69,3,26
15,69,3,26
15,69,3,25
15,68,3,25
15,67,3,26
15,73,3,25
17,74,3,25
20,73,3,25
20,73,3,25
19,73,3,25
19,71,3,25
19,71,3,25
19,71,3,25
19,71,3,25
19,71,3,25
19,71,3,24
19,71,3,24
19,70,3,25
19,70,3,24
19,71,3,24
19,73,3,24
19,73,3,24
19,73,3,24
19,71,3,24
19,71,3,24
19,71,3,24
19,71,3,24
18,71,3,24
18,71,3,24
18,71,3,24
18,70,3,23
18,70,3,23
18,69,3,23
18,71,3,23
18,71,2,23
18,71,2,23
18,70,3,23
18,70,3,23
18,70,3,22
18,70,2,23
18,69,2,23
18,69,3,22
18,68,3,22
17,68,2,22
17,67,2,22
17,68,3,22
17,68,2,22
17,71,2,22
18,70,2,22
18,70,2,21
18,70,2,22
18,70,2,21
17,69,2,22
17,69,3,21
17,68,2,21
17,69,2,21
17,67,2,21
17,67,2,21
17,67,2,20
17,67,2,21
17,67,2,20
17,69,2,21
17,68,2,21
17,69,2,20
17,68,2,20
17,67,2,20
17,67,2,20
16,67,2,19
16,66,2,19
16,66,2,20
16,66,2,19
16,66,2,19
16,65,2,19
16,65,2,19
16,68,2,19
17,70,2,19
17,69,2,19
17,69,2,19
17,69,2,19
16,68,2,19
16,68,2,19
16,67,2,19
16,67,2,19
16,67,2,19
16,67,2,19
16,66,2,19
16,66,2,19
16,66,2,18
15,71,2,18
16,71,1,18
17,71,2,18
16,71,2,18
16,71,2,18
16,71,1,18
16,71,2,18
16,70,2,18
16,70,2,18
16,69,1,17
16,69,2,17
15,69,1,17
15,69,1,17
15,68,2,17
15,69,2,17
15,70,2,17
16,70,1,17
15,70,1,17
15,69,1,17
15,69,1,17
15,68,1,17
15,68,2,17
15,67,2,17
15,67,1,16
15,67,1,16
15,67,1,17
15,66,1,16
14,66,1,16
15,73,1,16
15,73,2,16
15,71,1,16
15,71,1,16
15,71,1,16
15,71,1,17
15,71,1,16
15,70,1,15
14,70,1,15
14,69,1,15
14,69,1,15
14,69,1,15
14,69,1,15
14,68,1,15
14,69,1,15
15,69,2,15
15,69,1,15
15,68,1,15
15,67,1,15
15,67,1,15
15,67,1,15
15,67,1,15
15,67,1,15
15,66,1,14
15,66,1,14
14,65,1,15
14,65,1,14
14,65,1,14
14,66,1,14
15,66,1,14
14,66,1,14
14,65,1,14
14,65,1,14
15,65,1,14
14,64,1,14
14,64,1,14
14,63,1,14
14,63,1,14
14,63,1,14
14,63,1,14
14,62,1,14
13,63,1,14
14,68,1,14
13,68,1,13
13,68,1,13
13,67,1,13
13,67,1,13
13,67,1,13
13,67,1,13
13,66,1,13
13,66,1,13
13,66,1,13
13,65,1,13
13,64,1,13
13,65,1,13
13,68,0,13
13,68,1,12
13,68,1,12
13,68,1,13
13,67,0,12
13,67,0,12
13,67,1,12
13,66,1,12
13,66,0,12
12,66,0,12
12,65,0,12
12,65,1,12
12,64,1,12
12,65,1,12
12,67,0,12
13,67,1,12
14,67,1,12
14,67,1,12
14,66,0,12
14,66,0,11
14,65,1,12
13,65,0,12
14,65,0,11
13,65,1,12
13,65,1,11
13,64,0,11
13,63,0,11
13,63,1,11
13,71,0,11
14,71,0,11
13,70,0,11
14,70,0,11
13,70,0,12
13,69,0,11
13,69,1,11
13,69,1,11
